{"_runtime":0.359603,"_step":0,"_wandb":{"runtime":0},"MSE":472.3980126144739,"MAE":14.317331294205115,"_timestamp":1.7263044631087942e+09}