{"_runtime":0.353904,"_step":0,"_wandb":{"runtime":59},"MAPE":155.41734057711489,"_timestamp":1.726304390078536e+09}