{"_wandb":{"runtime":28},"MAPE":155.4126041575686,"_timestamp":1.726302037954137e+09,"_runtime":0.404335,"_step":0}