{"_timestamp":1.726304435320608e+09,"_runtime":0.344584,"_wandb":{"runtime":0},"_step":0,"MSE":472.3980126144739,"MAE":14.317331294205115}