{"MAPE":155.4126041575686,"_timestamp":1.7263034399675012e+09,"_runtime":1.56114,"_step":0,"_wandb":{"runtime":945}}