{"MAPE":140.77262369059648,"_timestamp":1.7263044298083e+09,"_runtime":1.058229,"_step":1,"chart":{"path":"media/images/chart_1_1c67ccfaa71010696b1c.png","format":"png","width":1000,"height":600,"_type":"image-file","sha256":"1c67ccfaa71010696b1c8d3980aaaa74f79e4c103b89e1ee54f00ae465b15851","size":91105},"_wandb":{"runtime":1}}