{"_runtime":0.459661,"_step":0,"MSE":472.3980126144739,"MAE":14.317331294205115,"_wandb":{"runtime":7030},"_timestamp":1.726304532441501e+09}