{"_runtime":0.378854,"_step":0,"_wandb":{"runtime":0},"MSE":472.3980126144739,"MAE":14.317331294205115,"_timestamp":1.7263044673908422e+09}